filename,start_sec,end_sec,label
P1__20241002_183000_SYNC_clip11.wav,4.9024375,9.9024375,[1. 0. 0. 0. 0.]
P4__20241105_110000_SYNC_clip12.wav,14.5179375,19.517937500000002,[1. 0. 0. 0. 0.]
P5__20241106_200000_SYNC_clip2.wav,14.1836875,19.183687499999998,[0.25 0.75 0.   0.   0.  ]
P1__20241002_183000_SYNC_clip1.wav,21.54,26.54,[0.25 0.75 0.   0.   0.  ]
P10__20240907_183000_SYNC_clip14.wav,13.3036875,18.303687500000002,[1. 0. 0. 0. 0.]
P11__20241014_170000_SYNC_clip12.wav,19.5504375,24.5504375,[1. 0. 0. 0. 0.]
P1_20241103_170000_SYNC_clip9.wav,4.66225,9.66225,[0.     0.0625 0.375  0.5625 0.    ]
P12__20241015_170000_SYNC_clip10.wav,14.6829375,19.6829375,[0.0000000e+00 0.0000000e+00 2.4414062e-04 4.3945312e-03 9.9536133e-01]
